Beg Doc,End Doc,Date,ShipTo,ShipFrom
004431.pdf,,1/29/2021_ ,"TIGHE LOGISTICS GROUP 485 WILDWOOD DRIVE WOBURN, MA 01801 ","AMAZON ROBOTICS 300 RIVERPARK DRIVE NORTH READING, MA 01864 "
004434.pdf,,/_1/29/2021__ ,"TIGHE LOGISTICS GROUP 485 WILDWOOD DRIVE WOBURN, MA 01801 ","AMAZON ROBOTICS 300 RIVERPARK DRIVE NORTH READING, MA 01864 "
004436.pdf,,—1/29/2021__ ,"TIGHE LOGISTICS GROUP 485 WILDWOOD DRIVE WOBURN, MA 01801 ","AMAZON ROBOTICS , 300 RIVERPARK DRIVE : NORTH READING, MA 01864 "
004439.pdf,,"1/29/2021, ","   : TIGHE LOGISTICS GROUP. 485 WILDWOOD DRIVE ' WOBURN, MA 01802 ","AMAZON ROBOTICS 300 RIVERPARK DRIVE NORTH READING, MA 01864 "
004442.pdf,,1/29/2021 _ ,"TIGHE LOGISTICS GROUP 485 WILDWOOD DRIVE WOBURN, MA 01801 ","‘ AMAZON ROBOTICS 300 RIVERPARK DRIVE NORTH READING, MA 01864 "
004445.pdf,,1/29/2021 ,"TIGHE LOGISTICS GROUP 485 WILDWOOD DRIVE WOBURN, MA 01801 ","» AMAZON ROBOTICS 300 RIVERPARK DRIVE NORTH READING, MA 01864 "
004448.pdf,,pe. Sate ase =  NO 258149 ,"}——_——— me  TIGHE LOGISTICS GROUP 485 WILDWOOD AVENUE WOBURN, MA 01801       ","JAZON ROBOTICS 00 RIVERPARK DRIVE INORTH READING, MA 01864 "
004451.pdf,,rE: 01/29/21 ,"GHE LOGISTICS GROUP BS WILDWOOD AVENUE VOBURN, MA 01801 ","   (MAZON ROBOTICS RIVERPARK DRIVE INORTH READING, MA 01864 "
004453.pdf,,1/29/2021 __ ,"TIGHE LOGISTICS GROUP 485 WILDWOOD DRIVE WOBURN, MA 01801 ","AMAZON ROBOTICS ""300 RIVERPARK DRIVE | NORTH READING, MA 01864 "
004455.pdf,,- opeanne ,"   TIGHE LOGISTICS GROUP 485 WILDWOOD AVENUE WOBURN, MA 01801    ","[AMAZON ROBOTICS 300 RIVERPARK DRIVE INORTH READING, MA 01864 "
004457.pdf,,,"               TIGHE LOGISTICS GROUP 485 WILDWOOD AVENUE WOBURN, MA 01801 ","JAZON ROBOTICS 10 RIVERPARK DRIVE INORTH READING, MA 01864 "
004459.pdf,,  ,"   TIGHE LOGISTICS GROUP 485 WILDWOOD AVENUE ‘WOBURN, MA 01801    ","MAZON ROBOTICS 00 RIVERPARK DRIVE INORTH READING, MA 01864 "
004462.pdf,,NO.  958134 ,"$e  TIGHE LOGISTICS GROUP 485 WILDWOOD AVENUE WOBURN, MA 01801       ","AMAZON ROBOTICS 0 RIVERPARK DRIVE INORTH READING, MA 01864 "
004464.pdf,,TE: OU/ao/2h_ ,"TIGHE LOGISTICS GROUP. 485 WILDWOOD AVENUE WOBURN, MA 01801,    ","MAZON ROBOTICS 100 RIVERPARK DRIVE IORTH READING, MA 01864 "
004466.pdf,,   01/29/21 ,"TIGHE LOGISTICS GROUP 485 WILDWOOD AVENUE WOBURN, MA 01801           ","\MAZON ROBOTICS RIVERPARK DRIVE NORTH READING, MA 01864 "
004468.pdf,,14 | (DE ROTE ,"}—$—_$_ S$ ii  TIGHE LOGISTICS GROUP 485 WILDWOOD AVENUE ‘WOBURN, MA 01801       ",".MAZON ROBOTICS RIVERPARK DRIVE INORTH READING, MA 01864 "
004470.pdf,,  ,"      TIGHE LOGISTICS GROUP 485 WILDWOOD AVENUE ‘WOBURN, MA 01801    ","\MAZON ROBOTICS 100 RIVERPARK DRIVE [NORTH READING, MA 01864     "
004473.pdf,,—1/28/2021__ ,"TIGHE LOGISTICS GROUP 485 WILDWOOD DRIVE WOBURN, MA 01801 ","AMAZON ROBOTICS 300 RIVERPARK DRIVE NORTH READING, MA 01864 "
004475.pdf,,wap fb ,"TIGHE LOGISTICS GROUP 485 WILDWOOD AVENUE WOBURN, MA 01801    ","MAZON ROBOTICS RIVERPARK DRIVE JORTH READING, MA 01864 "
004478.pdf,,—1/28/2021_ ,"TIGHE LOGISTICS GROUP 485 WILDWOOD DRIVE WOBURN, MA 01801 ","_ AMAZON ROBOTICS 300 RIVERPARK DRIVE NORTH READING, MA 01864 "
004481.pdf,,1/28/2021 ,"* TIGHE LOGISTICS GROUP 485 WILDWOOD DRIVE WOBURN, MA 01801 ","AMAZON ROBOTICS 300 RIVERPARK DRIVE NORTH READING, MA 01864 "
004484.pdf,,-ypejro ,"TIGHE LOGISTICS GROUP 485 WILDWOOD AVENUE WOBURN, MA 01801       ","            MAZON ROBOTICS }00 RIVERPARK DRIVE JORTH READING, MA 01864 "
004487.pdf,,1/28/2021 _ ,"TIGHE LOGISTICS GROUP 485 WILDWOOD DRIVE WOBURN, MA 01801 ","AMAZON ROBOTICS 300 RIVERPARK DRIVE NORTH READING, MA 01864 "
004490.pdf,,1/28/2021 _ ,"TIGHE LOGISTICS GROUP 485 WILDWOOD DRIVE WOBURN, MA 01801 ","‘ AMAZON ROBOTICS 300 RIVERPARK DRIVE ‘NORTH READING, MA 01864 "
004493.pdf,,01/28/21 ,"TIGHE LOGISTICS GROUP. 485 WILDWOOD AVENUE ‘WOBURN, MA 01801    ","   (MAZON ROBOTICS }00 RIVERPARK ORIVE INORTH READING, MA 01864 "
004496.pdf,,,"TIGHE LOGISTICS GROUP 485 WILDWOOD AVENUE WOBURN, MA 01801    ","(MAZON ROBOTICS 00 RIVERPARK DRIVE NORTH READING, MA 01864 "
004498.pdf,,rt. SELeele—  uo i«a257978 ,"j_ —$ Ss eee TIGHE LOGISTICS GROUP  485 WILDWOOD AVENUE WOBURN, MA 01801       ","[AMAZON ROBOTICS 300 RIVERPARK DRIVE INORTH READING, MA 01864 "
004500.pdf,,   in (987020 ,"—————— rr rv  TIGHE LOGISTICS GROUP 485 WILDWOOD AVENUE WOBURN, MA 01801       ","MAZON ROBOTICS )0 RIVERPARK DRIVE INORTH READING, MA 01864 "
004503.pdf,,  ,"            TIGHE LOGISTICS GROUP 485 WILDWOOD AVENUE WOBURN, MA 01801      ","(AMAZON ROBOTICS }00 RIVERPARK DRIVE NORTH READING, MA 01864 "
004504.pdf,,,"   TIGHE LOGISTICS GROUP 485 WILDWOOD AVENUE ‘WOBURN, MA 01801 ","IMAZON ROBOTICS 100 RIVERPARK DRIVE NORTH READING, MA 01864 "
004506.pdf,,     ,"            TIGHE LOGISTICS GROUP 485 WILDWOOD AVENUE ‘WOBURN, MA 01801      ","AMAZON ROBOTICS 00 RIVERPARK DRIVE INORTH READING, MA 01864 "
004509.pdf,,,"   TIGHE LOGISTICS GROUP 485 WILDWOOD AVENUE ‘WOBURN, MA 01801 ","   MAZON ROBOTICS 0 RIVERPARK DRIVE INORTH READING, MA 01864 "
004512.pdf,,  ,"TIGHE LOGISTICS GROUP 485 WILDWOOD AVENUE WOBURN, MA 01801  << —__-_ nn XK    ","MAZON ROBOTICS RIVERPARK DRIVE INORTH READING, MA 01864 "
004514.pdf,,—127/2021_ ,"TIGHE LOGISTICS GROUP 485 WILDWOOD DRIVE WOBURN, MA 01801 ","AMAZON ROBOTICS , 300 RIVERPARK DRIVE NORTH READING, MA 01864 "
004516.pdf,,—1/27/2021__ ,"TIGHE LOGISTICS GROUP 485 WILDWOOD DRIVE WOBURN, MA 01801 ","AMAZON ROBOTICS 300 RIVERPARK DRIVE NORTH READING, MA 01864 "
004518.pdf,,1/27/2021 __ ,"TIGHE LOGISTICS GROUP 485 WILDWOOD DRIVE WOBURN, MA 01801 ","* AMAZON ROBOTICS * 300 RIVERPARK DRIVE * NORTH READING, MA 01864 "
004521.pdf,,1/27/2021 ,"TIGHE LOGISTICS GROUP. 485 WILDWOOD DRIVE WOBURN, MA 01801 ","AMAZON ROBOTICS 300 RIVERPARK DRIVE NORTH READING, MA 01864 "
004524.pdf,,1/27/2021 __ ,"TIGHE LOGISTICS GROUP 485 WILDWOOD DRIVE WOBURN, MA 01801 ","AMAZON ROBOTICS 300 RIVERPARK DRIVE NORTH READING, MA 01864 "
004526.pdf,,1/27/2021. ,"TIGHE LOGISTICS GROUP 485 WILDWOOD DRIVE WOBURN, MA 01801 ","AMAZON ROBOTICS 300 RIVERPARK DRIVE NORTH READING, MA 01864 "
004529.pdf,,4/27/2021 _ ,"TIGHE LOGISTICS GROUP 485 WILDWOOD DRIVE WOBURN, MA 01801 ","AMAZON ROBOTICS 300 RIVERPARK DRIVE NORTH READING, MA 01864 "
004532.pdf,,_1/27/2021_ ¢ ,"TIGHE LOGISTICS GROUP. 485 WILDWOOD DRIVE WOBURN, MA 01801 ","AMAZON ROBOTICS 300 RIVERPARK DRIVE NORTH READING, MA 01864 "
004535.pdf,, _4/27/2021__ ,"TIGHE LOGISTICS GROUP 485 WILDWOOD DRIVE WOBURN, MA 01801 ","AMAZON ROBOTICS : 300 RIVERPARK DRIVE NORTH READING, MA 01864 "
004538.pdf,,E 1/27/2021    ,"TIGHE LOGISTICS GROUP 485 WILDWOOD AVENUE WOBURN, MA 01801    ","IMAZON ROBOTICS 00 RIVERPARK DRIVE JORTH READING, MA 01864 "
004541.pdf,,E 1/27/2021 ,"TIGHE LOGISTICS GROUP 485 WILDWOOD AVENUE WOBURN, MA 01801 ","|AZON ROBOTICS 00 RIVERPARK DRIVE JORTH READING, MA 01864 "
004544.pdf,,TE 1/27/2021  ~  se990e ,"TIGHE LOGISTICS GROUP 485 WILDWOOD AVENUE WOBURN, MA 01801            ","(MAZON ROBOTICS 00 RIVERPARK DRIVE NORTH READING, MA 01864 "
004547.pdf,,E 1/27/2021    ,"   TIGHE LOGISTICS GROUP 485 WILDWOOD AVENUE WOBURN, MA 01801 ","MAZON ROBOTICS }00 RIVERPARK DRIVE IORTH READING, MA 01864 "
004550.pdf,,€ 1/27/2021    ,"TIGHE LOGISTICS GROUP 485 WILDWOOD AVENUE WOBURN, MA 01801       ","JAZON ROBOTICS 00 RIVERPARK DRIVE NORTH READING, MA 01864 "
004553.pdf,,_1/26/2021__ ,"TIGHE LOGISTICS GROUP 485 WILDWOOD DRIVE WOBURN, MA 01801 ","AMAZON ROBOTICS 300 RIVERPARK DRIVE NORTH READING, MA 01864 "
004556.pdf,,  ,"TIGHE LOGISTICS GROUP 485 WILDWOOD AVENUE WOBURN, MA 01801    ","MAZON ROBOTICS 00 RIVERPARK DRIVE NORTH READING, MA 01864 "
004558.pdf,,_1/26/2021__ ,"TIGHE LOGISTICS GROUP 485 WILDWOOD DRIVE WOBURN, MA 01801 ","AMAZON ROBOTICS 300 RIVERPARK DRIVE NORTH READING, MA 01864 "
004560.pdf,,1/26/2021. ,"' TIGHE LOGISTICS GROUP | 485 WILDWOOD DRIVE ‘ WOBURN, MA 01801 ","| AMAZON ROBOTICS | 300 RIVERPARK DRIVE NORTH READING, MA 01864 "
004563.pdf,,,"TIGHE LOGISTICS GROUP 485 WILDWOOD DRIVE WOBURN, MA 01801 ","AMAZON ROBOTICS 300 RIVERPARK DRIVE NORTH READING, MA 01864 "
004566.pdf,,1/26/2021 ,"TIGHE LOGISTICS GROUP 485 WILDWOOD DRIVE WOBURN, MA 01801 ","AMAZON ROBOTICS 300 RIVERPARK DRIVE NORTH READING, MA 01864 "
004569.pdf,,3/26/2021_ ,"TIGHE LOGISTICS GROUP 485 WILDWOOD DRIVE WOBURN, MA 01801 ","AMAZON ROBOTICS 300 RIVERPARK DRIVE NORTH READING, MA 01864 "
004572.pdf,,_1/26/2021__ ,"TIGHE LOGISTICS GROUP 485 WILDWOOD DRIVE WOBURN, MA 01801 ","AMAZON ROBOTICS 300 RIVERPARK DRIVE NORTH READING, MA 01864 "
004574.pdf,,  ,"   TIGHE LOGISTICS GROUP 485 WILDWOOD AVENUE ‘WOBURN, MA 01801 ","(MAZON ROBOTICS 00 RIVERPARK DRIVE ORTH READING, MA 01864 "
004577.pdf,,   ._1/26/2021__ ,"TIGHE LOGISTICS GROUP 485 WILDWOOD DRIVE WOBURN, MA 01801 ","AMAZON ROBOTICS 300 RIVERPARK DRIVE NORTH READING, MA 01864 "
004580.pdf,,1/26/2021 ,"TIGHE LOGISTICS GROUP 485 WILDWOOD AVENUE | WOBURN, MA 01801    ","(MAZON ROBOTICS 100 RIVERPARK DRIVE NORTH READING, MA 01864 "
004582.pdf,,   aa  NO. 257614 ,"anc cc area EES am TIGHE LOGISTICS GROUP  485 WILDWOOD AVENUE ‘WOBURN, MA 01801          ","|AMAZON ROBOTICS 00 RIVERPARK DRIVE INORTH READING, MA 01864 "
004584.pdf,,   1/26/2021 ,"   TIGHE LOGISTICS GROUP 485 WILDWOOD AVENUE WOBURN, MA 01801 ","(MAZON ROBOTICS }0 RIVERPARK DRIVE IORTH READING, MA 01864 "
004585.pdf,,   NO. __ 257601    ,"      TIGHE LOGISTICS GROUP 485 WILDWOOD AVENUE WOBURN, MA 01801       ","JAZON ROBOTICS 00 RIVERPARK DRIVE |ORTH READING, MA 01864 "
004588.pdf,,  ,"TIGHE LOGISTICS GROUP 485 WILDWOOD AVENUE ‘WOBURN, MA 01801    ","(MAZON ROBOTICS 00 RIVERPARK DRIVE INORTH READING, MA 01864 "
004591.pdf,,1/25/2021 ,"TIGHE LOGISTICS GROUP  485 WILDWOOD DRIVE WOBURN, MA 01801    ","| AMAZON ROBOTICS 300 RIVERPARK DRIVE  NORTH READING, MA 01864 | "
004594.pdf,,ATE 1/26/2021 ,"   TIGHE LOGISTICS GROUP 485 WILDWOOD AVENUE WOBURN, MA 01801 ","MAZON ROBOTICS }00 RIVERPARK DRIVE JORTH READING, MA 01864 "
004597.pdf,,—1/25/2023_ ,"TIGHE LOGISTICS GROUP 485 WILDWOOD DRIVE WOBURN, MA 01801 ","AMAZON ROBOTICS 300 RIVERPARK DRIVE NORTH READING, MA 01864 "
004599.pdf,,—1/25/2021_ ,"TIGHE LOGISTICS GROUP 485 WILDWOOD DRIVE WOBURN, MA 01801 ",", AMAZON ROBOTICS 300 RIVERPARK DRIVE , NORTH READING, MA 01864 "
004602.pdf,,,"TIGHE LOGISTICS GROUP. | 485 WILDWOOD DRIVE WOBURN, MA 01801 ","i AMAZON ROBOTICS  | 300 RIVERPARK DRIVE  | NORTH READING, MA 01864 1  } "
004605.pdf,,1/25/2021 * ,"TIGHE LOGISTICS GROUP. 485 WILDWOOD DRIVE WOBURN, MA 01801 ","AMAZON ROBOTICS 300 RIVERPARK DRIVE NORTH READING, MA 01864 "
004608.pdf,,_1/25/2021_ 7 ,"TIGHE LOGISTICS GROUP 485 WILDWOOD DRIVE WOBURN, MA 01801 ","AMAZON ROBOTICS 300 RIVERPARK DRIVE NORTH READING, MA 01864 "
004611.pdf,,1/25/2021 ,"   , TIGHE LOGISTICS GROUP 485 WILDWOOD DRIVE WOBURN, MA 01801 ","| AMAZON ROBOTICS | 300 RIVERPARK DRIVE | NORTH READING, MA 01864 "
004614.pdf,,21 ,"TIGHE LOGISTICS GROUP 485 WILDWOOD AVENUE ‘WOBURN, MA 01801    ","MAZON ROBOTICS 00 RIVERPARK DRIVE INORTH READING, MA 01864 "
004617.pdf,,  ,"TIGHE LOGISTICS GROUP 485 WILDWOOD AVENUE WOBURN, MA 01801       ","(MAZON ROBOTICS 00 RIVERPARK DRIVE NORTH READING, MA 01864 "
004620.pdf,,fe 1/25/2021 ,"| TIGHE LOGISTICS GROUP 485 WILDWOOD AVENUE WOBURN, MA 01801    ","MAZON ROBOTICS 00 RIVERPARK DRIVE NORTH READING, MA 01864 "
004623.pdf,,  ,"TIGHE LOGISTICS GROUP 485 WILDWOOD AVENUE WOBURN, MA 01801    ","(MAZON ROBOTICS 00 RIVERPARK DRIVE JORTH READING, MA 01864 "
004624.pdf,,   NO. 7441 ,"TIGHE LOGISTICS GROUP 485 WILDWOOD AVENUE WOBURN, MA 01801  po    ","MAZON ROBOTICS 0 RIVERPARK DRIVE INORTH READING, MA 01864 "
004627.pdf,,,"TIGHE LOGISTICS GROUP 485 WILDWOOD AVENUE WOBURN, MA 01801    ","(MAZON ROBOTICS: }00 RIVERPARK DRIVE NORTH READING, MA 01864 "
004630.pdf,,—1/22/2021__ ,"TIGHE LOGISTICS GROUP 485 WILDWOOD DRIVE WOBURN, MA 01801 ",""" AMAZON ROBOTICS 300 RIVERPARK DRIVE NORTH READING, MA 01864 "
004633.pdf,,1/22/2021 __ ,"TIGHE LOGISTICS GROUP 485 WILDWOOD DRIVE WOBURN, MA 01801 ","| AMAZON ROBOTICS ; 300 RIVERPARK DRIVE NORTH READING, MA 01864 "
004636.pdf,,,"TIGHE LOGISTICS GROUP 485 WILDWOOD DRIVE WOBURN, MA 01801 ","AMAZON ROBOTICS 300 RIVERPARK DRIVE NORTH READING, MA 01864 "
004639.pdf,, _1/22/2021_ ,"TIGHE LOGISTICS GROUP 485 WILDWOOD DRIVE WOBURN, MA 01801 ","AMAZON ROBOTICS 300 RIVERPARK DRIVE NORTH READING, MA 01864 "
004642.pdf,,1/22/2021_    ,"TIGHE LOGISTICS GROUP 485 WILOWOOD DRIVE WOBURN, MA 01801 ","AMAZON ROBOTICS 300 RIVERPARK DRIVE NORTH READING, MA 01864 "
004645.pdf,,4/22/2021_ ,"TIGHE LOGISTICS GROUP 485 WILDWOOD DRIVE WOBURN, MA 01801 ","AMAZON ROBOTICS 300 RIVERPARK DRIVE NORTH READING, MA 01864 "
004647.pdf,,—1/22/2024_ ,"TIGHE LOGISTICS GROUP 485 WILDWOOD DRIVE WOBURN, MA 01801 ","AMAZON ROBOTICS 300 RIVERPARK DRIVE NORTH READING, MA 01864 "
004650.pdf,,O12:     ys ,"      TIGHE LOGISTICS GROUP 485 WILDWOOD AVENUE WOBURN, MA 01801 ","AMAZON ROBOTICS {00 RIVERPARK DRIVE NORTH READING, MA 01864 "
004652.pdf,,———O  NO. 257162 ,"   pr TIGHE LOGISTICS GROUP  485 WILDWOOD AVENUE WOBURN, MA 01801  Po    ","MAZON ROBOTICS 00 RIVERPARK DRIVE INORTH READING, MA 01864 "
004655.pdf,,22/2: ,"   TIGHE LOGISTICS GROUP 485 WILDWOOD AVENUE ‘WOBURN, MA 01801 ","IMAZON ROBOTICS RIVERPARK DRIVE (NORTH READING, MA 01864 "
004658.pdf,,  ,"TIGHE LOGISTICS GROUP: 485 WILDWOOD AVENUE WOBURN, MA 01801    ","AMAZON ROBOTICS 00 RIVERPARK DRIVE NORTH READING, MA 01864 "
004661.pdf,,  ,"TIGHE LOGISTICS GROUP 485 WILDWOOD AVENUE WOBURN, MA 01801          ","|AMAZON ROBOTICS 100 RIVERPARK DRIVE por READING, MA 01864 "
004664.pdf,,21. ,"TIGHE LOGISTICS GROUP 485 WILDWOOD AVENUE ‘WOBURN, MA 01801    ","IMAZON ROBOTICS 00 RIVERPARK DRIVE INORTH READING, MA 01864 "
004666.pdf,,LALA     -~ 267142 ,"Pa TIGHE LOGISTICS GROUP  485 WILDWOOD AVENUE WOBURN, MA 01801       ","\MAZON ROBOTICS 100 RIVERPARK DRIVE INORTH READING, MA 01864 "
004668.pdf,,—1/21/2021__ ,"TIGHE LOGISTICS GROUP 485 WILDWOOD DRIVE WOBURN, MA 01801 ","AMAZON ROBOTICS 300 RIVERPARK DRIVE NORTH READING, MA 01864 "
004671.pdf,,,"TIGHE LOGISTICS GROUP 485 WILDWOOD AVENUE ‘WOBURN, MA 01801     ","MAZON ROBOTICS 300 RIVERPARK DRIVE INORTH READING, MA 01864 "
004673.pdf,,3/21/2023 ,"TIGHE LOGISTICS GROUP 485 WILDWOOD DRIVE WOBURN, MA 01801 ","AMAZON ROBOTICS 300 RIVERPARK DRIVE NORTH READING, MA 01864 "
004676.pdf,,21/2021 ,"TIGHE LOGISTICS GROUP. 485 WILDWOOD DRIVE WOBURN, MA 01801 ","AMAZON ROBOTICS 300 RIVERPARK DRIVE NORTH READING, MA 01864 "
004679.pdf,,_1/21/2021_ ,"TIGHE LOGISTICS GROUP. 485 WILDWOOD DRIVE WOBURN, MA 01801 ","AMAZON ROBOTICS 300 RIVERPARK DRIVE NORTH READING, MA 01864 "
004682.pdf,,—1/21/2021_ ,"TIGHE LOGISTICS GROUP 485 WILDWOOD DRIVE WOBURN, MA 01801 ","AMAZON ROBOTICS 300 RIVERPARK DRIVE NORTH READING, MA 01864 "
004685.pdf,,   Nico) «=—s« 257012  ——_- ,"TIGHE LOGISTICS GROUP 485 WILDWOOD AVENUE WOBURN, MA 01801       ","(MAZON ROBOTICS 300 RIVERPARK DRIVE INORTH READING, MA 01864 "
004688.pdf,,—1/21/2021_ ,"TIGHE LOGISTICS GROUP 485 WILDWOOD DRIVE WOBURN, MA 01801 ","AMAZON ROBOTICS 300 RIVERPARK DRIVE NORTH READING, MA 01864 "
004691.pdf,,01/21/21. ,"TIGHE LOGISTICS GROUP 485 WILDWOOD AVENUE WOBURN, MA 01801    ","IMAZON ROBOTICS 100 RIVERPARK DRIVE ORTH READING, MA 01864 "
004693.pdf,,     ,"TIGHE LOGISTICS GROUP 485 WILDWOOD AVENUE WOBURN, MA 01801    ","MAZON ROBOTICS 00 RIVERPARK DRIVE NORTH READING, MA 01864 "
